chips,sparsity,n_runs,avg_wall_time_sec,std_wall_time_sec,min_wall_time_sec,max_wall_time_sec,speedup_vs_1chip_same_sparsity
1,0.05,3,55.8767,0.6101,55.4900,56.5800,1.0000
1,0.15,3,56.3467,0.6005,55.8400,57.0100,1.0000
1,0.30,3,57.2733,0.2515,57.0900,57.5600,1.0000
4,0.05,3,55.3200,0.4987,54.8600,55.8500,1.0101
4,0.15,3,54.7400,0.4424,54.4600,55.2500,1.0294
4,0.30,3,56.8733,0.1193,56.7900,57.0100,1.0070
16,0.05,3,57.6767,1.3543,56.1900,58.8400,0.9688
16,0.15,3,57.7067,0.9571,57.0200,58.8000,0.9764
16,0.30,3,58.9933,0.6186,58.5500,59.7000,0.9708
