timestamp,run_id,repetition,chips,dimx,dimy,total_pe,sparsity,target_entries,timesteps,interval,seed,sim,mode,traffic_file,run_dir,wall_time_sec,exit_code,valid_chip_logs
2026-04-16 19:57:54,1,1,1,32,32,1024,0.05,256,5,2000,43,12000,multiprocess_ring_fileio,/home/st1101/wyz/noxim/traffic_tables/generated_partition/chip_partition_multiprocess_benchmark_20260416_195656/ring_1c_1024pe_s0.05_r1.txt,/home/st1101/wyz/noxim/results/chip_partition_multiprocess_benchmark_20260416_195656/run_1_c1_s0.05_r1,57.98,0,1
2026-04-16 19:58:51,2,2,1,32,32,1024,0.05,256,5,2000,44,12000,multiprocess_ring_fileio,/home/st1101/wyz/noxim/traffic_tables/generated_partition/chip_partition_multiprocess_benchmark_20260416_195656/ring_1c_1024pe_s0.05_r2.txt,/home/st1101/wyz/noxim/results/chip_partition_multiprocess_benchmark_20260416_195656/run_2_c1_s0.05_r2,56.82,0,1
2026-04-16 19:59:50,3,3,1,32,32,1024,0.05,256,5,2000,45,12000,multiprocess_ring_fileio,/home/st1101/wyz/noxim/traffic_tables/generated_partition/chip_partition_multiprocess_benchmark_20260416_195656/ring_1c_1024pe_s0.05_r3.txt,/home/st1101/wyz/noxim/results/chip_partition_multiprocess_benchmark_20260416_195656/run_3_c1_s0.05_r3,59.12,0,1
2026-04-16 20:00:50,4,1,1,32,32,1024,0.15,768,5,2000,46,12000,multiprocess_ring_fileio,/home/st1101/wyz/noxim/traffic_tables/generated_partition/chip_partition_multiprocess_benchmark_20260416_195656/ring_1c_1024pe_s0.15_r1.txt,/home/st1101/wyz/noxim/results/chip_partition_multiprocess_benchmark_20260416_195656/run_4_c1_s0.15_r1,59.67,0,1
2026-04-16 20:01:55,5,2,1,32,32,1024,0.15,768,5,2000,47,12000,multiprocess_ring_fileio,/home/st1101/wyz/noxim/traffic_tables/generated_partition/chip_partition_multiprocess_benchmark_20260416_195656/ring_1c_1024pe_s0.15_r2.txt,/home/st1101/wyz/noxim/results/chip_partition_multiprocess_benchmark_20260416_195656/run_5_c1_s0.15_r2,65.06,0,1
2026-04-16 20:02:59,6,3,1,32,32,1024,0.15,768,5,2000,48,12000,multiprocess_ring_fileio,/home/st1101/wyz/noxim/traffic_tables/generated_partition/chip_partition_multiprocess_benchmark_20260416_195656/ring_1c_1024pe_s0.15_r3.txt,/home/st1101/wyz/noxim/results/chip_partition_multiprocess_benchmark_20260416_195656/run_6_c1_s0.15_r3,63.68,0,1
2026-04-16 20:04:02,7,1,1,32,32,1024,0.30,1536,5,2000,49,12000,multiprocess_ring_fileio,/home/st1101/wyz/noxim/traffic_tables/generated_partition/chip_partition_multiprocess_benchmark_20260416_195656/ring_1c_1024pe_s0.30_r1.txt,/home/st1101/wyz/noxim/results/chip_partition_multiprocess_benchmark_20260416_195656/run_7_c1_s0.30_r1,63.38,0,1
2026-04-16 20:05:05,8,2,1,32,32,1024,0.30,1536,5,2000,50,12000,multiprocess_ring_fileio,/home/st1101/wyz/noxim/traffic_tables/generated_partition/chip_partition_multiprocess_benchmark_20260416_195656/ring_1c_1024pe_s0.30_r2.txt,/home/st1101/wyz/noxim/results/chip_partition_multiprocess_benchmark_20260416_195656/run_8_c1_s0.30_r2,62.76,0,1
2026-04-16 20:06:06,9,3,1,32,32,1024,0.30,1536,5,2000,51,12000,multiprocess_ring_fileio,/home/st1101/wyz/noxim/traffic_tables/generated_partition/chip_partition_multiprocess_benchmark_20260416_195656/ring_1c_1024pe_s0.30_r3.txt,/home/st1101/wyz/noxim/results/chip_partition_multiprocess_benchmark_20260416_195656/run_9_c1_s0.30_r3,61.10,0,1
2026-04-16 20:06:16,10,1,4,16,16,1024,0.05,256,5,2000,52,12000,multiprocess_ring_fileio,/home/st1101/wyz/noxim/traffic_tables/generated_partition/chip_partition_multiprocess_benchmark_20260416_195656/ring_4c_256pe_s0.05_r1.txt,/home/st1101/wyz/noxim/results/chip_partition_multiprocess_benchmark_20260416_195656/run_10_c4_s0.05_r1,9.38,0,4
2026-04-16 20:06:26,11,2,4,16,16,1024,0.05,256,5,2000,53,12000,multiprocess_ring_fileio,/home/st1101/wyz/noxim/traffic_tables/generated_partition/chip_partition_multiprocess_benchmark_20260416_195656/ring_4c_256pe_s0.05_r2.txt,/home/st1101/wyz/noxim/results/chip_partition_multiprocess_benchmark_20260416_195656/run_11_c4_s0.05_r2,10.25,0,4
2026-04-16 20:06:36,12,3,4,16,16,1024,0.05,256,5,2000,54,12000,multiprocess_ring_fileio,/home/st1101/wyz/noxim/traffic_tables/generated_partition/chip_partition_multiprocess_benchmark_20260416_195656/ring_4c_256pe_s0.05_r3.txt,/home/st1101/wyz/noxim/results/chip_partition_multiprocess_benchmark_20260416_195656/run_12_c4_s0.05_r3,9.96,0,4
2026-04-16 20:06:46,13,1,4,16,16,1024,0.15,768,5,2000,55,12000,multiprocess_ring_fileio,/home/st1101/wyz/noxim/traffic_tables/generated_partition/chip_partition_multiprocess_benchmark_20260416_195656/ring_4c_256pe_s0.15_r1.txt,/home/st1101/wyz/noxim/results/chip_partition_multiprocess_benchmark_20260416_195656/run_13_c4_s0.15_r1,9.33,0,4
2026-04-16 20:06:55,14,2,4,16,16,1024,0.15,768,5,2000,56,12000,multiprocess_ring_fileio,/home/st1101/wyz/noxim/traffic_tables/generated_partition/chip_partition_multiprocess_benchmark_20260416_195656/ring_4c_256pe_s0.15_r2.txt,/home/st1101/wyz/noxim/results/chip_partition_multiprocess_benchmark_20260416_195656/run_14_c4_s0.15_r2,9.58,0,4
2026-04-16 20:07:06,15,3,4,16,16,1024,0.15,768,5,2000,57,12000,multiprocess_ring_fileio,/home/st1101/wyz/noxim/traffic_tables/generated_partition/chip_partition_multiprocess_benchmark_20260416_195656/ring_4c_256pe_s0.15_r3.txt,/home/st1101/wyz/noxim/results/chip_partition_multiprocess_benchmark_20260416_195656/run_15_c4_s0.15_r3,10.31,0,4
2026-04-16 20:07:16,16,1,4,16,16,1024,0.30,1536,5,2000,58,12000,multiprocess_ring_fileio,/home/st1101/wyz/noxim/traffic_tables/generated_partition/chip_partition_multiprocess_benchmark_20260416_195656/ring_4c_256pe_s0.30_r1.txt,/home/st1101/wyz/noxim/results/chip_partition_multiprocess_benchmark_20260416_195656/run_16_c4_s0.30_r1,9.93,0,4
2026-04-16 20:07:25,17,2,4,16,16,1024,0.30,1536,5,2000,59,12000,multiprocess_ring_fileio,/home/st1101/wyz/noxim/traffic_tables/generated_partition/chip_partition_multiprocess_benchmark_20260416_195656/ring_4c_256pe_s0.30_r2.txt,/home/st1101/wyz/noxim/results/chip_partition_multiprocess_benchmark_20260416_195656/run_17_c4_s0.30_r2,9.48,0,4
2026-04-16 20:07:35,18,3,4,16,16,1024,0.30,1536,5,2000,60,12000,multiprocess_ring_fileio,/home/st1101/wyz/noxim/traffic_tables/generated_partition/chip_partition_multiprocess_benchmark_20260416_195656/ring_4c_256pe_s0.30_r3.txt,/home/st1101/wyz/noxim/results/chip_partition_multiprocess_benchmark_20260416_195656/run_18_c4_s0.30_r3,9.77,0,4
2026-04-16 20:07:43,19,1,16,8,8,1024,0.05,256,5,2000,61,12000,multiprocess_ring_fileio,/home/st1101/wyz/noxim/traffic_tables/generated_partition/chip_partition_multiprocess_benchmark_20260416_195656/ring_16c_64pe_s0.05_r1.txt,/home/st1101/wyz/noxim/results/chip_partition_multiprocess_benchmark_20260416_195656/run_19_c16_s0.05_r1,7.11,0,16
2026-04-16 20:07:50,20,2,16,8,8,1024,0.05,256,5,2000,62,12000,multiprocess_ring_fileio,/home/st1101/wyz/noxim/traffic_tables/generated_partition/chip_partition_multiprocess_benchmark_20260416_195656/ring_16c_64pe_s0.05_r2.txt,/home/st1101/wyz/noxim/results/chip_partition_multiprocess_benchmark_20260416_195656/run_20_c16_s0.05_r2,7.12,0,16
2026-04-16 20:07:57,21,3,16,8,8,1024,0.05,256,5,2000,63,12000,multiprocess_ring_fileio,/home/st1101/wyz/noxim/traffic_tables/generated_partition/chip_partition_multiprocess_benchmark_20260416_195656/ring_16c_64pe_s0.05_r3.txt,/home/st1101/wyz/noxim/results/chip_partition_multiprocess_benchmark_20260416_195656/run_21_c16_s0.05_r3,7.13,0,16
2026-04-16 20:08:04,22,1,16,8,8,1024,0.15,768,5,2000,64,12000,multiprocess_ring_fileio,/home/st1101/wyz/noxim/traffic_tables/generated_partition/chip_partition_multiprocess_benchmark_20260416_195656/ring_16c_64pe_s0.15_r1.txt,/home/st1101/wyz/noxim/results/chip_partition_multiprocess_benchmark_20260416_195656/run_22_c16_s0.15_r1,7.16,0,16
2026-04-16 20:08:12,23,2,16,8,8,1024,0.15,768,5,2000,65,12000,multiprocess_ring_fileio,/home/st1101/wyz/noxim/traffic_tables/generated_partition/chip_partition_multiprocess_benchmark_20260416_195656/ring_16c_64pe_s0.15_r2.txt,/home/st1101/wyz/noxim/results/chip_partition_multiprocess_benchmark_20260416_195656/run_23_c16_s0.15_r2,7.17,0,16
2026-04-16 20:08:19,24,3,16,8,8,1024,0.15,768,5,2000,66,12000,multiprocess_ring_fileio,/home/st1101/wyz/noxim/traffic_tables/generated_partition/chip_partition_multiprocess_benchmark_20260416_195656/ring_16c_64pe_s0.15_r3.txt,/home/st1101/wyz/noxim/results/chip_partition_multiprocess_benchmark_20260416_195656/run_24_c16_s0.15_r3,7.01,0,16
2026-04-16 20:08:26,25,1,16,8,8,1024,0.30,1536,5,2000,67,12000,multiprocess_ring_fileio,/home/st1101/wyz/noxim/traffic_tables/generated_partition/chip_partition_multiprocess_benchmark_20260416_195656/ring_16c_64pe_s0.30_r1.txt,/home/st1101/wyz/noxim/results/chip_partition_multiprocess_benchmark_20260416_195656/run_25_c16_s0.30_r1,6.47,0,16
2026-04-16 20:08:33,26,2,16,8,8,1024,0.30,1536,5,2000,68,12000,multiprocess_ring_fileio,/home/st1101/wyz/noxim/traffic_tables/generated_partition/chip_partition_multiprocess_benchmark_20260416_195656/ring_16c_64pe_s0.30_r2.txt,/home/st1101/wyz/noxim/results/chip_partition_multiprocess_benchmark_20260416_195656/run_26_c16_s0.30_r2,7.40,0,16
2026-04-16 20:08:41,27,3,16,8,8,1024,0.30,1536,5,2000,69,12000,multiprocess_ring_fileio,/home/st1101/wyz/noxim/traffic_tables/generated_partition/chip_partition_multiprocess_benchmark_20260416_195656/ring_16c_64pe_s0.30_r3.txt,/home/st1101/wyz/noxim/results/chip_partition_multiprocess_benchmark_20260416_195656/run_27_c16_s0.30_r3,7.13,0,16
